    <!DOCTYPE hibernate-configuration PUBLIC "-//Hibernate/Hibernate Configuration  
        DTD//EN" "http://www.hibernate.org/dtd/hibernate-configuration-3.0.dtd">
    <hibernate-configuration>
    <session-factory>
       <property name="connection.url">jdbc:oracle:thin:@localhost:1522:xe</property>

       <property name="connection.driver_class">oracle.jdbc.driver.OracleDriver</property>

       <property name="dialect">org.hibernate.dialect.OracleDialect</property>

       <property name="connection.username">sys as sysdba</property>
       <property name="connection.password">password</property>

       <!-- DB schema will be updated if needed -->
       <property name="hbm2ddl.auto">update</property>
       <property name="show_sql">true</property>
       <property name="format_sql">false</property>

   	<!-- <mapping resource="vehicle.hbm.xml" /> -->
   	<!-- <mapping class="jag_group_1.annotations_demo_1.Vehicle" /> -->
   		<mapping class="jag_group_1.com.jag.library.model.Book" />
   		<mapping class="jag_group_1.com.jag.library.model.Author" />
   		
   </session-factory>
   </hibernate-configuration>