    <!DOCTYPE hibernate-configuration PUBLIC "-//Hibernate/Hibernate Configuration  
        DTD//EN" "http://www.hibernate.org/dtd/hibernate-configuration-3.0.dtd">
    <hibernate-configuration>
    <session-factory>
       <property name="connection.url">jdbc:oracle:thin:@localhost:1522:xe</property>

       <property name="connection.driver_class">oracle.jdbc.driver.OracleDriver</property>

       <property name="dialect">org.hibernate.dialect.OracleDialect</property>

       <property name="connection.username">sys as sysdba</property>
       <property name="connection.password">password</property>

       <!-- DB schema will be updated if needed -->
       <property name="hbm2ddl.auto">update</property>
       <property name="show_sql">true</property>
       <property name="format_sql">false</property>

<property name="hibernate.cache.use_second_level_cache">true</property>
	<property name="hibernate.cache.region.factory_class">org.hibernate.cache.ehcache.EhCacheRegionFactory</property>
<property name="hibernate.cache.use_query_cache">true</property>

   
   		<mapping class="model.Player" />
   		
   </session-factory>
   </hibernate-configuration>